{"cameraMode":{"drawMode":0,"name":"Shaded","section":"Shading Mode"},"sceneLighting":true,"audioPlay":false,"sceneViewState":{"showFog":true,"showMaterialUpdate":false,"showSkybox":false,"showFlares":true,"showImageEffects":true,"showParticleSystems":true},"in2DMode":false,"pivot":{"x":0.06319442391395569,"y":1.5800000429153443,"z":3.1600000858306886},"rotation":{"x":-0.2771380543708801,"y":-0.5818110704421997,"z":0.22020083665847779,"w":-0.7322632670402527},"size":1.1461268663406373,"orthographic":true}